time,VHMO,VTPK,VPED_cos,VPED_sin,WSPD_41m,WDIR_42m_cos,WDIR_42m_sin
28-Nov-2017 02:30:00,5.14,10.0,0.51354125205817,-0.858064905723645,18.88,0.0385622127817988,-0.999256201254399
28-Nov-2017 03:00:00,4.64,10.0,0.405141586779862,-0.914253955234264,14.87,0.0277471734217464,-0.99961497306068
28-Nov-2017 03:30:00,4.54,10.0,0.449318998615896,-0.893371388327838,15.99,-0.0104717841162462,-0.999945169365512
28-Nov-2017 04:00:00,4.21,10.53,0.67172058932299,-0.74080459628675,15.56,-0.0160563391347997,-0.99987108867773
28-Nov-2017 04:30:00,4.2,10.0,0.47101188121941,-0.882126866017668,18.87,0.122562241583007,-0.992460828918778
28-Nov-2017 05:00:00,4.1,10.53,0.51354125205817,-0.858064905723645,17.74,0.0310618635640869,-0.999517463895417
28-Nov-2017 05:30:00,3.8,10.0,0.634730513202267,-0.772733573497351,17.79,-0.046583426760803,-0.998914402915095
28-Nov-2017 06:00:00,4.19,10.0,0.47101188121941,-0.882126866017668,17.29,-0.120310105846879,-0.992736358975087
28-Nov-2017 06:30:00,4.54,10.53,0.51354125205817,-0.858064905723645,18.35,-0.0892419753651605,-0.996009974765777
28-Nov-2017 07:00:00,3.84,10.0,0.556295615500305,-0.830984469274328,12.06,0.703270634186415,-0.710922228581325
28-Nov-2017 07:30:00,3.69,10.0,0.51354125205817,-0.858064905723645,8.61,0.683783356561759,-0.729685083641659
28-Nov-2017 08:00:00,3.59,10.53,0.596224874965616,-0.802817475191114,11.41,0.693024453563198,-0.720914077240437
28-Nov-2017 08:30:00,3.42,10.0,0.51354125205817,-0.858064905723645,10.06,0.493790103568344,-0.86958112538047
28-Nov-2017 09:00:00,3.16,10.0,0.492423560103467,-0.8703556959399,10.01,0.566693876720417,-0.823928425342629
28-Nov-2017 09:30:00,2.77,10.0,0.492423560103467,-0.8703556959399,9.0,0.344642923174517,-0.938733857653874
28-Nov-2017 10:00:00,2.84,10.53,0.47101188121941,-0.882126866017668,7.36,0.301537959944496,-0.953454172319001
28-Nov-2017 10:30:00,2.85,9.09,0.47101188121941,-0.882126866017668,7.03,0.368935795459582,-0.929454882621317
28-Nov-2017 11:00:00,2.81,9.09,0.556295615500305,-0.830984469274328,9.22,-0.411196193780866,-0.911546866716204
28-Nov-2017 11:30:00,2.6,9.09,0.47101188121941,-0.882126866017668,9.44,-0.0312363117968644,-0.999512027354013
28-Nov-2017 12:00:00,2.68,9.09,0.51354125205817,-0.858064905723645,10.13,-0.0949770690839538,-0.995479460535586
28-Nov-2017 12:30:00,2.73,9.09,0.427357863387193,-0.904082549660778,8.51,0.322100468858457,-0.946705491671598
28-Nov-2017 13:00:00,2.52,7.14,0.38268343236509,-0.923879532511287,10.98,0.424357467855122,-0.905494748452794
28-Nov-2017 13:30:00,2.62,7.14,0.492423560103467,-0.8703556959399,10.17,0.0195464427448211,-0.999808950037968
28-Nov-2017 14:00:00,2.62,8.33,0.534352349389827,-0.845261833221856,8.86,-0.0026179908874176,-0.999996573055985
28-Nov-2017 14:30:00,2.53,8.33,0.47101188121941,-0.882126866017668,9.98,0.213712440793994,-0.976896613081381
28-Nov-2017 15:00:00,2.42,7.14,0.51354125205817,-0.858064905723645,11.17,0.157123963403168,-0.987578888051218
28-Nov-2017 15:30:00,2.41,7.69,0.449318998615896,-0.893371388327838,11.7,0.24412280216829,-0.96974432582073
28-Nov-2017 16:00:00,2.4,9.09,0.634730513202267,-0.772733573497351,10.07,0.298707681332486,-0.954344655306965
28-Nov-2017 16:30:00,2.41,8.33,0.534352349389827,-0.845261833221856,9.22,0.500453381281421,-0.865763485695714
28-Nov-2017 17:00:00,2.31,8.33,0.576432316169793,-0.817144898335129,9.13,0.467158405180956,-0.884173639320233
28-Nov-2017 17:30:00,2.19,7.69,0.47101188121941,-0.882126866017668,8.52,0.657638248985527,-0.753333879147387
28-Nov-2017 18:00:00,2.07,9.09,0.634730513202267,-0.772733573497351,7.27,0.76334522806547,-0.645990760607051
28-Nov-2017 18:30:00,2.15,7.69,0.596224874965616,-0.802817475191114,7.75,0.650509141939222,-0.759498424128383
28-Nov-2017 19:00:00,2.06,8.33,0.596224874965616,-0.802817475191114,7.77,0.607930297694605,-0.793990398647835
28-Nov-2017 19:30:00,2.0,7.69,0.634730513202267,-0.772733573497351,6.61,0.818651192576255,-0.574291062870976
28-Nov-2017 20:00:00,1.83,7.14,0.556295615500305,-0.830984469274328,7.62,0.698789925515699,-0.715326946226523
28-Nov-2017 20:30:00,1.85,8.33,0.615661475325658,-0.788010753606722,8.96,0.582974127942904,-0.81249071757726
28-Nov-2017 21:00:00,1.74,7.14,0.576432316169793,-0.817144898335129,6.43,0.439468903432369,-0.898257804261088
28-Nov-2017 21:30:00,1.82,7.14,0.47101188121941,-0.882126866017668,9.34,0.731472721648175,-0.681870704374819
28-Nov-2017 22:00:00,1.64,6.25,0.405141586779862,-0.914253955234264,4.17,0.655531982472857,-0.755167411873159
28-Nov-2017 22:30:00,1.66,8.33,0.756995055651756,-0.653420603990106,5.85,0.79122353296749,-0.611527040185831
28-Nov-2017 23:00:00,1.82,8.33,0.74080459628675,-0.67172058932299,3.24,0.628641963718689,-0.777694851115726
28-Nov-2017 23:30:00,1.64,7.69,0.634730513202267,-0.772733573497351,7.5,0.806031595764854,-0.591872508762456
29-Nov-2017 00:00:00,1.85,6.67,0.615661475325658,-0.788010753606722,5.73,0.748724377134086,-0.662881442706895
29-Nov-2017 00:30:00,1.63,7.69,0.707106781186548,-0.707106781186548,6.01,0.416915457314973,-0.908945268677849
29-Nov-2017 01:00:00,1.73,7.69,0.788010753606722,-0.615661475325658,7.41,0.732899222969209,-0.680337217099822
29-Nov-2017 01:30:00,1.65,8.33,0.941470544812038,-0.337095258423082,6.08,0.614147469589989,-0.789191285808589
29-Nov-2017 02:00:00,1.77,8.33,0.904082549660778,-0.427357863387193,7.26,0.685437198009469,-0.728131751529164
29-Nov-2017 02:30:00,1.68,5.88,0.634730513202267,-0.772733573497351,6.6,0.477312135512674,-0.878733819363026
29-Nov-2017 03:00:00,1.78,8.33,0.941470544812038,-0.337095258423082,6.94,0.618134041882823,-0.786072710546298
29-Nov-2017 03:30:00,1.78,7.14,0.904082549660778,-0.427357863387193,7.89,0.487554922135577,-0.87309231923169
29-Nov-2017 04:00:00,1.71,7.69,0.956813584057608,-0.290702193598252,6.65,0.546686665877615,-0.837337261413594
29-Nov-2017 04:30:00,1.8,8.33,0.963630453208623,-0.267238376078257,5.82,0.504678307080911,-0.863307480774924
29-Nov-2017 05:00:00,1.75,8.33,0.923879532511287,-0.38268343236509,6.97,0.738808303288413,-0.673915640857293
29-Nov-2017 05:30:00,1.84,8.33,0.975534543945857,-0.219846204352837,7.72,0.782933997460823,-0.622104778650683
29-Nov-2017 06:00:00,1.7,11.11,0.904082549660778,-0.427357863387193,8.78,0.916222925561562,-0.40066887909521
29-Nov-2017 06:30:00,1.77,8.33,0.914253955234264,-0.405141586779862,7.12,0.923545226472066,-0.383489523534424
29-Nov-2017 07:00:00,1.79,7.69,0.923879532511287,-0.38268343236509,5.97,0.95812289283811,-0.286357333098931
29-Nov-2017 07:30:00,1.69,11.11,0.831954122130483,-0.554844427447999,5.25,0.969187933090462,-0.24632245198487
29-Nov-2017 08:00:00,1.76,11.11,0.788010753606722,-0.615661475325658,5.2,0.968322202650286,0.249704048534459
29-Nov-2017 08:30:00,1.63,10.53,0.802817475191114,-0.596224874965616,6.03,0.974487715311938,-0.224440844558472
29-Nov-2017 09:00:00,1.69,10.0,0.802817475191114,-0.596224874965616,3.88,0.961501868856515,-0.27479839189018
29-Nov-2017 09:30:00,1.66,10.53,0.831954122130483,-0.554844427447999,6.12,0.985378176313234,-0.170381482695757
29-Nov-2017 10:00:00,1.47,10.53,0.772733573497351,-0.634730513202267,5.82,0.689745925064846,0.724051489092068
29-Nov-2017 10:30:00,1.48,10.53,0.788010753606722,-0.615661475325658,2.71,0.932071112458211,0.362275366704546
29-Nov-2017 11:00:00,1.48,10.0,0.845261833221856,-0.534352349389827,2.19,0.977929339830722,0.208935890402412
29-Nov-2017 11:30:00,1.48,8.33,0.831954122130483,-0.554844427447999,4.34,0.96381678594459,0.266565570041296
29-Nov-2017 12:00:00,1.39,11.11,0.845261833221856,-0.534352349389827,3.48,0.866199883944809,-0.499697669650359
29-Nov-2017 12:30:00,1.48,10.0,0.882126866017668,-0.47101188121941,2.94,0.435388228011366,-0.900242795533029
29-Nov-2017 13:00:00,1.61,10.53,0.8703556959399,-0.492423560103467,4.01,0.938673691818914,-0.344806757890634
29-Nov-2017 13:30:00,1.55,10.53,0.893371388327838,-0.449318998615896,3.91,0.877899414565724,-0.478845087585912
29-Nov-2017 14:00:00,1.45,8.33,0.858064905723645,-0.51354125205817,4.69,0.995429594202606,-0.0954982878675565
29-Nov-2017 14:30:00,1.49,9.09,0.893371388327838,-0.449318998615896,4.07,0.993047927683934,0.117710718809476
29-Nov-2017 15:00:00,1.4,7.69,0.904082549660778,-0.427357863387193,4.47,0.849340400263316,0.527845511945067
29-Nov-2017 15:30:00,1.65,10.0,0.923879532511287,-0.38268343236509,4.99,0.993432810379527,0.114417005997516
29-Nov-2017 16:00:00,1.52,10.0,0.923879532511287,-0.38268343236509,2.09,0.901757099480126,0.432243141689014
29-Nov-2017 16:30:00,1.48,10.53,0.882126866017668,-0.47101188121941,5.16,0.994169798273906,0.107825841986148
29-Nov-2017 17:00:00,1.61,10.0,0.904082549660778,-0.427357863387193,5.75,0.994702817117174,0.102792536787247
29-Nov-2017 17:30:00,1.45,11.11,0.858064905723645,-0.51354125205817,5.98,0.98893833496661,0.148327238339658
29-Nov-2017 18:00:00,1.46,11.11,0.831954122130483,-0.554844427447999,4.73,0.967841021031804,0.251562632376344
29-Nov-2017 18:30:00,1.52,10.53,0.963630453208623,-0.267238376078257,6.72,0.984868307661866,0.173304404338875
29-Nov-2017 19:00:00,1.43,11.11,0.893371388327838,-0.449318998615896,7.44,0.566837670726675,-0.823829506053988
29-Nov-2017 19:30:00,1.53,10.53,0.845261833221856,-0.534352349389827,1.26,0.687341091344909,-0.726334787924129
29-Nov-2017 20:00:00,1.54,10.0,0.923879532511287,-0.38268343236509,2.93,0.978652704312051,0.205521007059399
29-Nov-2017 20:30:00,1.53,10.0,0.8703556959399,-0.492423560103467,1.43,0.925275931887204,0.379294674191804
29-Nov-2017 21:00:00,1.41,11.11,0.8703556959399,-0.492423560103467,0.53,-0.80364917932578,-0.595103349485617
29-Nov-2017 21:30:00,1.4,10.53,0.8703556959399,-0.492423560103467,1.62,-0.909018020307777,-0.416756810089205
29-Nov-2017 22:00:00,1.31,10.53,0.858064905723645,-0.51354125205817,1.11,-0.926134141790662,-0.377194315187377
29-Nov-2017 22:30:00,1.38,9.09,0.858064905723645,-0.51354125205817,8.59,0.618134041882823,-0.786072710546298
29-Nov-2017 23:00:00,1.35,10.53,0.858064905723645,-0.51354125205817,2.56,-0.0205934293200696,-0.999787932848181
29-Nov-2017 23:30:00,1.27,10.53,0.845261833221856,-0.534352349389827,2.52,-0.888937213871859,-0.458029070904606
30-Nov-2017 00:00:00,1.38,10.0,0.904082549660778,-0.427357863387193,2.56,-0.567700072006838,-0.823235463426735
30-Nov-2017 00:30:00,1.26,8.33,0.831954122130483,-0.554844427447999,3.11,0.253420288991158,-0.967356272077479
30-Nov-2017 01:00:00,1.2,9.09,0.882126866017668,-0.47101188121941,3.06,-0.481753674101715,-0.876306680043863
30-Nov-2017 01:30:00,1.34,10.53,0.756995055651756,-0.653420603990106,1.63,-0.194747951489537,-0.980853320018151
30-Nov-2017 02:00:00,1.4,9.09,0.8703556959399,-0.492423560103467,2.08,0.752989437315787,0.658032603516614
30-Nov-2017 02:30:00,1.51,9.09,0.8703556959399,-0.492423560103467,2.65,0.648651397110924,0.761085648942382
30-Nov-2017 03:00:00,1.56,7.69,0.8703556959399,-0.492423560103467,3.31,0.392818680210599,-0.919615944010109
30-Nov-2017 03:30:00,1.46,8.33,0.8703556959399,-0.492423560103467,3.82,0.620463642291753,-0.784235212544076
30-Nov-2017 04:00:00,1.56,8.33,0.914253955234264,-0.405141586779862,4.78,0.120483369194256,-0.99271534578025
30-Nov-2017 04:30:00,1.66,8.33,0.882126866017668,-0.47101188121941,5.22,-0.121522872020996,-0.992588631597082
30-Nov-2017 05:00:00,1.59,7.14,0.802817475191114,-0.596224874965616,4.51,0.149362770623538,-0.988782464828164
30-Nov-2017 05:30:00,1.6,9.09,0.923879532511287,-0.38268343236509,4.78,0.0714974443326863,-0.997440782930944
30-Nov-2017 06:00:00,1.85,7.14,0.831954122130483,-0.554844427447999,7.67,0.913474454792767,-0.406896080641062
30-Nov-2017 06:30:00,1.73,7.14,0.831954122130483,-0.554844427447999,8.93,0.606959801961897,-0.794732532870257
30-Nov-2017 07:00:00,1.69,8.33,0.893371388327838,-0.449318998615896,5.4,0.308020881064551,-0.951379596600756
30-Nov-2017 07:30:00,1.73,10.0,0.8703556959399,-0.492423560103467,3.23,0.460199784783851,-0.887815385136402
30-Nov-2017 08:00:00,1.67,7.14,0.845261833221856,-0.534352349389827,2.74,0.282508884415882,-0.959264682048752
30-Nov-2017 08:30:00,1.65,8.33,0.882126866017668,-0.47101188121941,4.7,-0.242260577956896,-0.970211220491698
30-Nov-2017 09:00:00,1.75,9.09,0.831954122130483,-0.554844427447999,3.34,0.531102845815556,-0.847307362865812
30-Nov-2017 09:30:00,1.53,9.09,0.817144898335129,-0.576432316169793,7.0,0.918584396812554,0.395224880204317
30-Nov-2017 10:00:00,1.49,9.09,0.8703556959399,-0.492423560103467,4.96,0.908143173825081,0.418659737537428
30-Nov-2017 10:30:00,1.54,9.09,0.845261833221856,-0.534352349389827,4.05,0.653684805298929,0.756766922718813
30-Nov-2017 11:00:00,1.51,9.09,0.904082549660778,-0.427357863387193,2.95,0.364064146030641,0.9313738763649
30-Nov-2017 11:30:00,1.53,8.33,0.831954122130483,-0.554844427447999,1.13,0.467004080654855,-0.884255160376073
30-Nov-2017 12:00:00,1.48,7.69,0.802817475191114,-0.596224874965616,4.15,-0.250548973879778,-0.968103926078079
30-Nov-2017 12:30:00,1.51,9.09,0.831954122130483,-0.554844427447999,2.74,-0.50919163582028,-0.860653169407205
30-Nov-2017 13:00:00,1.49,7.69,0.756995055651756,-0.653420603990106,3.5,-0.931500901980512,-0.363739013042995
30-Nov-2017 13:30:00,1.48,8.33,0.772733573497351,-0.634730513202267,2.4,-0.988912431917555,0.148499838380072
30-Nov-2017 14:00:00,1.47,7.69,0.788010753606722,-0.615661475325658,1.99,-0.908653985299747,-0.417549919170017
30-Nov-2017 14:30:00,1.51,8.33,0.831954122130483,-0.554844427447999,2.44,-0.546686665877615,-0.837337261413594
30-Nov-2017 15:00:00,1.6,8.33,0.831954122130483,-0.554844427447999,2.94,-0.642653899919513,-0.766156619052685
30-Nov-2017 15:30:00,1.57,7.69,0.756995055651756,-0.653420603990106,2.41,0.356411878713251,-0.934328942456612
30-Nov-2017 16:00:00,1.6,7.69,0.845261833221856,-0.534352349389827,4.83,0.714228407530649,-0.699912695895876
30-Nov-2017 16:30:00,1.62,8.33,0.858064905723645,-0.51354125205817,1.24,0.748955720789002,-0.662620048215738
30-Nov-2017 17:00:00,1.53,9.09,0.8703556959399,-0.492423560103467,2.41,0.763006883471911,0.646390358664547
30-Nov-2017 17:30:00,1.61,8.33,0.858064905723645,-0.51354125205817,2.61,0.333971376125621,0.94258321644763
30-Nov-2017 18:00:00,1.68,8.33,0.8703556959399,-0.492423560103467,1.67,0.106264071336233,0.994337944133205
30-Nov-2017 18:30:00,1.81,7.69,0.831954122130483,-0.554844427447999,2.33,-0.124467402546069,0.992223697410737
30-Nov-2017 19:00:00,1.81,9.09,0.802817475191114,-0.596224874965616,2.22,-0.278991106039229,0.960293685676943
30-Nov-2017 19:30:00,1.85,10.0,0.882126866017668,-0.47101188121941,6.5,-0.294040325232304,0.95579301479833
30-Nov-2017 20:00:00,1.73,8.33,0.831954122130483,-0.554844427447999,5.26,-0.413898993841435,0.910322812466571
30-Nov-2017 20:30:00,1.93,10.0,0.858064905723645,-0.51354125205817,3.64,-0.243953546137066,0.969786918517233
30-Nov-2017 21:00:00,1.69,9.09,0.831954122130483,-0.554844427447999,2.93,-0.119790293836729,0.992799217114171
30-Nov-2017 21:30:00,1.83,10.0,0.788010753606722,-0.615661475325658,4.05,-0.335944783873564,0.941881681628932
30-Nov-2017 22:00:00,1.65,10.0,0.817144898335129,-0.576432316169793,5.02,-0.30984682998376,0.950786485994103
30-Nov-2017 22:30:00,1.74,10.0,0.845261833221856,-0.534352349389827,6.99,-0.56410263697021,0.825704677813596
30-Nov-2017 23:00:00,1.65,10.53,0.802817475191114,-0.596224874965616,5.29,-0.198854819736199,0.980028959096456
30-Nov-2017 23:30:00,1.73,10.0,0.817144898335129,-0.576432316169793,4.3,-0.353148290684848,0.935567359833791
01-Dec-2017 00:00:00,1.55,10.53,0.831954122130483,-0.554844427447999,5.75,-0.343003999423668,0.939333942950732
01-Dec-2017 00:30:00,1.59,10.0,0.831954122130483,-0.554844427447999,6.46,-0.0158818284652041,0.999873875808645
01-Dec-2017 01:00:00,1.54,10.0,0.817144898335129,-0.576432316169793,9.4,0.316145823973806,0.948710608132914
01-Dec-2017 01:30:00,1.73,10.0,0.756995055651756,-0.653420603990106,8.72,0.388319916157409,0.921524629467657
01-Dec-2017 02:00:00,1.7,10.0,0.831954122130483,-0.554844427447999,7.24,0.452434709311783,0.891797529605214
01-Dec-2017 02:30:00,1.71,9.09,0.845261833221856,-0.534352349389827,6.78,0.600838856910495,0.799370169587588
01-Dec-2017 03:00:00,1.89,8.33,0.8703556959399,-0.492423560103467,9.21,0.653552714598694,0.756881000713241
01-Dec-2017 03:30:00,1.73,9.09,0.831954122130483,-0.554844427447999,7.53,0.65474081371734,0.75585346916764
01-Dec-2017 04:00:00,1.75,10.0,0.893371388327838,-0.449318998615896,6.63,0.537593974758933,0.843203841489643
01-Dec-2017 04:30:00,1.63,10.0,0.858064905723645,-0.51354125205817,8.85,0.573147450738609,0.819452255907465
01-Dec-2017 05:00:00,1.7,10.0,0.932953534825489,-0.359996808120052,4.64,0.614973571876864,0.788547719477402
01-Dec-2017 05:30:00,1.74,9.09,0.904082549660778,-0.427357863387193,7.45,0.743261599480127,0.669000892927837
01-Dec-2017 06:00:00,1.58,10.0,0.882126866017668,-0.47101188121941,7.0,0.815026679676439,0.5794234301576
01-Dec-2017 06:30:00,1.71,10.53,0.893371388327838,-0.449318998615896,6.06,0.8703556959399,0.492423560103467
01-Dec-2017 07:00:00,1.62,11.11,0.932953534825489,-0.359996808120052,5.12,0.986515089986812,-0.163670330934814
01-Dec-2017 07:30:00,1.79,10.53,0.882126866017668,-0.47101188121941,4.69,0.552664477716722,0.833403848725276
01-Dec-2017 08:00:00,1.79,11.11,0.893371388327838,-0.449318998615896,6.8,0.965199301866,0.261515406195097
01-Dec-2017 08:30:00,1.78,10.53,0.858064905723645,-0.51354125205817,6.29,0.768171791674164,0.640243780505602
01-Dec-2017 09:00:00,1.72,9.09,0.858064905723645,-0.51354125205817,6.15,0.615936505455662,0.787795799206284
01-Dec-2017 09:30:00,1.68,11.11,0.817144898335129,-0.576432316169793,6.05,0.79747863702326,0.603347183213383
01-Dec-2017 10:00:00,1.69,10.53,0.8703556959399,-0.492423560103467,7.41,0.842076058772692,0.539358796388683
01-Dec-2017 10:30:00,1.59,8.33,0.845261833221856,-0.534352349389827,6.78,0.858959896930664,0.512042864870571
01-Dec-2017 11:00:00,1.75,10.0,0.904082549660778,-0.427357863387193,8.7,0.986657543639738,0.162809371900999
01-Dec-2017 11:30:00,1.66,10.0,0.858064905723645,-0.51354125205817,6.48,0.839714653571433,0.543027900367382
01-Dec-2017 12:00:00,1.57,8.33,0.831954122130483,-0.554844427447999,6.74,0.780212108936684,0.625515039842027
01-Dec-2017 12:30:00,1.58,10.0,0.914253955234264,-0.405141586779862,5.36,0.833693108914707,0.552228032743839
01-Dec-2017 13:00:00,1.62,10.0,0.858064905723645,-0.51354125205817,5.09,0.855906267671133,0.517130990138157
01-Dec-2017 13:30:00,1.67,8.33,0.8703556959399,-0.492423560103467,8.78,0.857885593737117,0.51384074192138
01-Dec-2017 14:00:00,1.72,7.14,0.845261833221856,-0.534352349389827,9.49,0.902359745552553,0.43098363032293
01-Dec-2017 14:30:00,1.55,10.53,0.882126866017668,-0.47101188121941,7.24,0.999144619181281,0.0413525085223672
01-Dec-2017 15:00:00,1.57,7.69,0.831954122130483,-0.554844427447999,5.22,0.895245648324812,0.445572922376896
01-Dec-2017 15:30:00,1.47,7.69,0.8703556959399,-0.492423560103467,4.96,0.752184937064111,0.658952062333717
01-Dec-2017 16:00:00,1.61,7.14,0.845261833221856,-0.534352349389827,6.74,0.810143969390314,0.586230968868505
01-Dec-2017 16:30:00,1.57,10.0,0.904082549660778,-0.427357863387193,5.97,0.672883413281287,0.739748546555466
01-Dec-2017 17:00:00,1.61,7.69,0.8703556959399,-0.492423560103467,4.97,0.648119901063131,0.761538307536737
01-Dec-2017 17:30:00,1.59,10.53,0.941470544812038,-0.337095258423082,6.79,0.942757954235996,0.333477794950067
01-Dec-2017 18:00:00,1.6,10.0,0.932953534825489,-0.359996808120052,6.76,0.726214813210745,0.687467850210672
01-Dec-2017 18:30:00,1.5,8.33,0.956813584057608,-0.290702193598252,1.86,0.515337251358818,0.856987466280539
01-Dec-2017 19:00:00,1.56,10.0,0.969872015284747,-0.243615011786023,5.06,0.969872015284747,0.243615011786022
01-Dec-2017 19:30:00,1.57,7.14,0.956813584057608,-0.290702193598252,5.81,0.820451338314239,0.571716364518608
01-Dec-2017 20:00:00,1.35,7.69,0.956813584057608,-0.290702193598252,4.71,0.952767550770937,0.303700500819394
01-Dec-2017 20:30:00,1.43,8.33,0.956813584057608,-0.290702193598252,3.73,0.822938103530372,0.568131039248724
01-Dec-2017 21:00:00,1.44,10.0,0.904082549660778,-0.427357863387193,3.68,0.935813675838491,0.352495055445678
01-Dec-2017 21:30:00,1.44,8.33,0.923879532511287,-0.38268343236509,3.57,0.726094816375592,0.687594588134967
01-Dec-2017 22:00:00,1.48,9.09,0.904082549660778,-0.427357863387193,3.07,0.707230183831018,0.706983357002373
01-Dec-2017 22:30:00,1.43,7.69,0.923879532511287,-0.38268343236509,3.02,0.831566564935969,0.555425105734871
01-Dec-2017 23:00:00,1.33,8.33,0.914253955234264,-0.405141586779862,2.93,0.977783236758606,0.209618562903822
01-Dec-2017 23:30:00,1.38,8.33,0.8703556959399,-0.492423560103467,0.78,0.612079269346317,0.790796413773152
02-Dec-2017 00:00:00,1.35,7.14,0.923879532511287,-0.38268343236509,0.6,0.970422263272497,0.241413816806505
02-Dec-2017 00:30:00,1.32,8.33,0.882126866017668,-0.47101188121941,2.27,0.710431079849813,-0.703766780107891
02-Dec-2017 01:00:00,1.26,9.09,0.904082549660778,-0.427357863387193,2.1,0.771513555043329,-0.636212884484749
02-Dec-2017 01:30:00,1.23,7.69,0.858064905723645,-0.51354125205817,1.29,-0.904752726179846,-0.425937207191548
02-Dec-2017 02:00:00,1.21,7.14,0.845261833221856,-0.534352349389827,1.33,-0.793990398647835,-0.607930297694605
02-Dec-2017 02:30:00,1.17,7.69,0.882126866017668,-0.47101188121941,1.7,-0.372015950386982,-0.928226336976963
02-Dec-2017 03:00:00,1.16,7.69,0.858064905723645,-0.51354125205817,3.16,-0.244968970675218,-0.969530919262673
02-Dec-2017 03:30:00,1.2,6.25,0.845261833221856,-0.534352349389827,2.33,-0.0826342727595426,-0.996579940077815
02-Dec-2017 04:00:00,1.19,6.67,0.904082549660778,-0.427357863387193,2.01,0.0443168439130123,-0.999017526045259
02-Dec-2017 04:30:00,1.13,7.69,0.923879532511287,-0.38268343236509,2.5,-0.226311311886086,-0.974055024170811
02-Dec-2017 05:00:00,1.04,6.67,0.923879532511287,-0.38268343236509,2.95,-0.636078220277764,-0.77162458338772
02-Dec-2017 05:30:00,1.07,7.14,0.923879532511287,-0.38268343236509,3.62,-0.624425048846016,-0.781084731878463
02-Dec-2017 06:00:00,1.04,7.69,0.932953534825489,-0.359996808120052,4.22,-0.658426777644331,-0.752644789047863
02-Dec-2017 06:30:00,0.98,7.69,0.956813584057608,-0.290702193598252,4.31,-0.754365965080212,-0.656454104053436
02-Dec-2017 07:00:00,1.01,6.67,0.845261833221856,-0.534352349389827,5.33,-0.71849057839556,-0.695536691165041
02-Dec-2017 07:30:00,1.06,6.67,0.882126866017668,-0.47101188121941,6.31,-0.866287084447387,-0.499546481640743
02-Dec-2017 08:00:00,1.11,7.69,0.893371388327838,-0.449318998615896,6.93,-0.865763485695714,-0.500453381281421
02-Dec-2017 08:30:00,1.2,7.14,0.893371388327838,-0.449318998615896,7.47,-0.877229965157222,-0.480070399243965
02-Dec-2017 09:00:00,1.18,7.14,0.893371388327838,-0.449318998615896,9.06,-0.850902808569362,-0.525323148517911
02-Dec-2017 09:30:00,1.16,7.69,0.914253955234264,-0.405141586779862,9.19,-0.791116789313846,-0.611665125428736
02-Dec-2017 10:00:00,1.18,4.17,-0.596224874965616,-0.802817475191114,9.7,-0.774392644082186,-0.632705328562516
02-Dec-2017 10:30:00,1.21,4.35,-0.576432316169793,-0.817144898335129,9.64,-0.67559020761566,-0.737277336810124
02-Dec-2017 11:00:00,1.24,4.55,-0.534352349389827,-0.845261833221856,9.85,-0.748029798903382,-0.663665141432459
02-Dec-2017 11:30:00,1.21,4.76,-0.449318998615897,-0.893371388327837,8.95,-0.788762337704809,-0.614698279335843
02-Dec-2017 12:00:00,1.3,5.0,-0.576432316169793,-0.817144898335129,9.46,-0.823235463426735,-0.567700072006838
02-Dec-2017 12:30:00,1.37,5.0,-0.51354125205817,-0.858064905723644,10.14,-0.828060334622494,-0.560638994563242
02-Dec-2017 13:00:00,1.41,5.26,-0.38268343236509,-0.923879532511287,9.83,-0.79978943940494,-0.600280644878987
02-Dec-2017 13:30:00,1.34,5.26,-0.38268343236509,-0.923879532511287,10.35,-0.776596479967759,-0.629998339126132
02-Dec-2017 14:00:00,1.51,5.26,-0.38268343236509,-0.923879532511287,10.53,-0.795050227324665,-0.606543597799036
02-Dec-2017 14:30:00,1.54,5.56,-0.290702193598253,-0.956813584057607,10.49,-0.81694363571926,-0.576717518424573
02-Dec-2017 15:00:00,1.48,5.56,-0.219846204352837,-0.975534543945857,10.72,-0.807578350374154,-0.58976029707582
02-Dec-2017 15:30:00,1.6,5.26,-0.359996808120051,-0.932953534825489,10.58,-0.854005138885099,-0.520264569962094
02-Dec-2017 16:00:00,1.62,5.26,-0.337095258423082,-0.941470544812038,11.24,-0.881055904267235,-0.473012149480164
02-Dec-2017 16:30:00,1.72,5.0,-0.267238376078257,-0.963630453208623,11.71,-0.900470640862375,-0.434916802325345
02-Dec-2017 17:00:00,1.89,5.26,-0.267238376078257,-0.963630453208623,11.6,-0.901832526405114,-0.432085748801982
02-Dec-2017 17:30:00,1.94,5.26,-0.38268343236509,-0.923879532511287,12.91,-0.858512728224549,-0.512792253721175
02-Dec-2017 18:00:00,1.91,5.56,-0.0975828997591499,-0.995227399981831,13.05,-0.838955625301125,-0.544199833494645
02-Dec-2017 18:30:00,1.95,5.56,-0.194234351219972,-0.980955155349192,11.87,-0.75805412178116,-0.652191650092665
02-Dec-2017 19:00:00,1.89,5.0,-0.427357863387193,-0.904082549660778,9.28,-0.685310104605784,-0.728251371797684
02-Dec-2017 19:30:00,1.73,5.26,-0.170209499166033,-0.98540789848349,9.3,-0.0026179908874176,-0.999996573055985
02-Dec-2017 20:00:00,1.63,5.56,0.170209499166033,-0.98540789848349,10.36,0.0237342489540222,-0.999718303036705
02-Dec-2017 20:30:00,1.76,5.56,0.0975828997591499,-0.995227399981831,9.58,0.0916754180158081,-0.995788942362601
02-Dec-2017 21:00:00,1.62,5.56,0.121869343405147,-0.992546151641322,9.89,0.0716715295003921,-0.997428289081012
02-Dec-2017 21:30:00,1.75,6.25,0.47101188121941,-0.882126866017668,9.62,0.0772410731867593,-0.99701244556573
02-Dec-2017 22:00:00,1.59,5.88,0.290702193598252,-0.956813584057608,8.62,-0.160742565603826,-0.986996366560232
02-Dec-2017 22:30:00,1.71,6.25,0.290702193598252,-0.956813584057608,8.75,-0.148327238339658,-0.98893833496661
02-Dec-2017 23:00:00,1.63,6.25,0.313992455967405,-0.949425477641904,8.98,-0.149362770623538,-0.988782464828164
02-Dec-2017 23:30:00,1.73,6.25,0.267238376078257,-0.963630453208623,10.02,-0.159881187691835,-0.987136265072988
03-Dec-2017 00:00:00,1.66,6.25,0.290702193598252,-0.956813584057608,10.09,-0.231068721395418,-0.972937431694704
03-Dec-2017 00:30:00,1.75,6.25,0.243615011786023,-0.969872015284747,10.71,-0.225291159947423,-0.974291482693729
03-Dec-2017 01:00:00,1.68,6.25,0.170209499166033,-0.98540789848349,9.41,-0.0673187591244714,-0.997731519332702
03-Dec-2017 01:30:00,1.72,6.67,0.313992455967405,-0.949425477641904,10.04,0.0608743312198071,-0.998145438199535
03-Dec-2017 02:00:00,1.83,5.88,0.243615011786023,-0.969872015284747,9.31,0.19183684814863,-0.981426830534197
03-Dec-2017 02:30:00,1.61,5.88,0.121869343405147,-0.992546151641322,10.68,0.0788070807376532,-0.996889885607036
03-Dec-2017 03:00:00,1.86,6.25,0.313992455967405,-0.949425477641904,9.82,-0.0068067315205615,-0.99997683393467
03-Dec-2017 03:30:00,1.87,5.88,0.243615011786023,-0.969872015284747,10.67,0.070278787473489,-0.99752738911333
03-Dec-2017 04:00:00,1.87,5.56,0.337095258423082,-0.941470544812038,10.89,0.204666893315013,-0.978831682558744
03-Dec-2017 04:30:00,1.99,5.88,0.219846204352837,-0.975534543945857,11.01,-0.0061086143906787,-0.999981342241057
03-Dec-2017 05:00:00,1.86,6.25,0.596224874965616,-0.802817475191114,10.52,0.0984513622388914,-0.995141863893438
03-Dec-2017 05:30:00,1.81,5.88,0.449318998615896,-0.893371388327838,12.32,0.111642375729577,-0.993748449025937
03-Dec-2017 06:00:00,1.91,5.56,0.219846204352837,-0.975534543945857,10.84,-0.0371669507830105,-0.999309070192747
03-Dec-2017 06:30:00,1.99,5.88,0.449318998615896,-0.893371388327838,10.42,-0.0478037958607565,-0.998856745034694
03-Dec-2017 07:00:00,1.91,6.25,0.596224874965616,-0.802817475191114,9.89,0.649182577013906,-0.760632619404127
03-Dec-2017 07:30:00,1.74,6.67,0.67172058932299,-0.74080459628675,6.6,0.430038445266602,-0.902810575698293
03-Dec-2017 08:00:00,1.84,6.67,0.724171861437467,-0.68961954373567,6.43,0.394904209688715,-0.918722300355299
03-Dec-2017 08:30:00,1.95,6.25,0.51354125205817,-0.858064905723645,11.55,0.788333005167847,-0.615248789485222
03-Dec-2017 09:00:00,1.92,6.25,0.68961954373567,-0.724171861437467,6.39,0.621010990506816,-0.783801856128029
03-Dec-2017 09:30:00,1.89,6.67,0.724171861437467,-0.68961954373567,8.12,0.653024152754461,-0.75733708209708
03-Dec-2017 10:00:00,1.74,7.14,0.802817475191114,-0.596224874965616,8.95,0.652891962552705,-0.757451044777204
03-Dec-2017 10:30:00,1.86,7.69,0.772733573497351,-0.634730513202267,8.54,0.538770785006863,-0.842452397007147
03-Dec-2017 11:00:00,1.87,7.14,0.772733573497351,-0.634730513202267,9.96,0.71312810654718,-0.701033739311051
03-Dec-2017 11:30:00,1.85,6.67,0.67172058932299,-0.74080459628675,8.38,0.693904698830246,-0.720066850328014
03-Dec-2017 12:00:00,1.84,6.25,0.534352349389827,-0.845261833221856,10.42,0.809939286825998,-0.586513726741151
03-Dec-2017 12:30:00,1.85,6.67,0.724171861437467,-0.68961954373567,10.28,0.732186373774758,-0.681104334194527
03-Dec-2017 13:00:00,1.89,7.14,0.817144898335129,-0.576432316169793,9.28,0.704881853942361,-0.709324729572274
03-Dec-2017 13:30:00,1.86,7.69,0.845261833221856,-0.534352349389827,9.04,0.675847524791678,-0.737041466427067
03-Dec-2017 14:00:00,2.01,7.69,0.845261833221856,-0.534352349389827,7.81,0.733848438205263,-0.679313233894126
03-Dec-2017 14:30:00,1.93,6.67,0.802817475191114,-0.596224874965616,10.43,0.782933997460823,-0.622104778650683
03-Dec-2017 15:00:00,2.02,7.69,0.788010753606722,-0.615661475325658,11.47,0.768618578918466,-0.639707339446218
03-Dec-2017 15:30:00,2.26,7.14,0.817144898335129,-0.576432316169793,10.61,0.710062491057925,-0.704138664463623
03-Dec-2017 16:00:00,2.16,7.14,0.788010753606722,-0.615661475325658,10.02,0.710062491057925,-0.704138664463623
03-Dec-2017 16:30:00,2.4,7.14,0.845261833221856,-0.534352349389827,10.38,0.71312810654718,-0.701033739311051
03-Dec-2017 17:00:00,2.29,7.69,0.882126866017668,-0.47101188121941,11.2,0.739513620871302,-0.673141593237126
03-Dec-2017 17:30:00,2.44,7.14,0.882126866017668,-0.47101188121941,11.36,0.691386968955207,-0.72248464285335
03-Dec-2017 18:00:00,2.43,7.69,0.893371388327838,-0.449318998615896,11.22,0.715692733703736,-0.698415285431006
03-Dec-2017 18:30:00,2.65,7.69,0.923879532511287,-0.38268343236509,10.6,0.694030363634561,-0.719945730144487
03-Dec-2017 19:00:00,2.49,7.69,0.914253955234264,-0.405141586779862,10.57,0.610698137683906,-0.791863488632611
03-Dec-2017 19:30:00,2.75,8.33,0.932953534825489,-0.359996808120052,11.82,0.719097275004068,-0.694909425092021
03-Dec-2017 20:00:00,2.64,8.33,0.914253955234264,-0.405141586779862,12.81,0.79557923366674,-0.605849554723153
03-Dec-2017 20:30:00,2.87,7.69,0.904082549660778,-0.427357863387193,11.41,0.758930458687831,-0.651171681567832
03-Dec-2017 21:00:00,2.58,7.69,0.8703556959399,-0.492423560103467,9.12,0.662097017050553,-0.749418134296709
03-Dec-2017 21:30:00,2.7,7.69,0.817144898335129,-0.576432316169793,11.14,0.736097087119734,-0.676875969682661
03-Dec-2017 22:00:00,2.62,9.09,0.893371388327838,-0.449318998615896,13.54,0.720066850328014,-0.693904698830246
03-Dec-2017 22:30:00,2.61,8.33,0.858064905723645,-0.51354125205817,11.32,0.700286569055951,-0.713861836211914
03-Dec-2017 23:00:00,2.61,8.33,0.893371388327838,-0.449318998615896,11.8,0.710922228581325,-0.703270634186415
03-Dec-2017 23:30:00,2.66,8.33,0.845261833221856,-0.534352349389827,12.51,0.683273773680799,-0.730162276620752
04-Dec-2017 00:00:00,2.77,7.69,0.845261833221856,-0.534352349389827,10.73,0.656585755752957,-0.754251380736104
04-Dec-2017 00:30:00,2.74,7.69,0.845261833221856,-0.534352349389827,11.61,0.729565729819102,-0.683910700218618
04-Dec-2017 01:00:00,2.77,7.69,0.817144898335129,-0.576432316169793,12.67,0.731115594729864,-0.682253609109396
04-Dec-2017 01:30:00,2.69,8.33,0.858064905723645,-0.51354125205817,11.99,0.766717148575925,-0.641985057520502
04-Dec-2017 02:00:00,2.5,8.33,0.772733573497351,-0.634730513202267,10.56,0.826098294495764,-0.563526048937572
04-Dec-2017 02:30:00,2.62,9.09,0.8703556959399,-0.492423560103467,11.97,0.801775644243754,-0.597625146975521
04-Dec-2017 03:00:00,2.51,7.69,0.817144898335129,-0.576432316169793,9.74,0.855996511018897,-0.516981598437967
04-Dec-2017 03:30:00,2.41,9.09,0.831954122130483,-0.554844427447999,12.0,0.752989437315788,-0.658032603516614
04-Dec-2017 04:00:00,2.63,7.69,0.831954122130483,-0.554844427447999,9.86,0.693024453563198,-0.720914077240437
04-Dec-2017 04:30:00,2.63,8.33,0.817144898335129,-0.576432316169793,11.59,0.724653130187047,-0.689113808387348
04-Dec-2017 05:00:00,2.7,7.14,0.788010753606722,-0.615661475325658,12.26,0.731948578908617,-0.6813598739533
04-Dec-2017 05:30:00,2.79,8.33,0.904082549660778,-0.427357863387193,13.02,0.818951778440938,-0.57386233940591
04-Dec-2017 06:00:00,2.67,8.33,0.932953534825489,-0.359996808120052,14.16,0.914889221973527,-0.403704980792502
04-Dec-2017 06:30:00,2.72,8.33,0.941470544812038,-0.337095258423082,9.53,0.67068557653672,-0.741741772738739
04-Dec-2017 07:00:00,3.04,8.33,0.932953534825489,-0.359996808120052,11.09,0.742794367658514,-0.669519624338815
04-Dec-2017 07:30:00,2.91,7.69,0.941470544812038,-0.337095258423082,15.81,0.902434952642159,-0.4308261322735
04-Dec-2017 08:00:00,3.06,8.33,0.941470544812038,-0.337095258423082,13.84,0.902058642342552,-0.431613491187558
04-Dec-2017 08:30:00,2.87,8.33,0.975534543945857,-0.219846204352837,11.28,0.853459850940365,-0.521158596621845
04-Dec-2017 09:00:00,2.65,8.33,0.949425477641904,-0.313992455967405,11.23,0.790048027880535,-0.613044952382839
04-Dec-2017 09:30:00,2.64,8.33,0.975534543945857,-0.219846204352837,9.95,0.820750575823319,-0.571286698852415
04-Dec-2017 10:00:00,2.57,7.69,0.949425477641904,-0.313992455967405,9.3,0.700909264299851,-0.713250449154182
04-Dec-2017 10:30:00,2.72,10.0,0.997314477224458,-0.0732381971276315,10.05,0.622924323958638,-0.78228210168754
04-Dec-2017 11:00:00,2.5,8.33,0.963630453208623,-0.267238376078257,7.38,0.605571808276567,-0.795790666583021
04-Dec-2017 11:30:00,2.49,9.09,0.969872015284747,-0.243615011786023,8.53,0.635000209428761,-0.772511963677864
04-Dec-2017 12:00:00,2.42,10.0,0.904082549660778,-0.427357863387193,8.24,0.67120324649801,-0.741273365156561
04-Dec-2017 12:30:00,2.43,9.09,0.941470544812038,-0.337095258423082,8.53,0.63338087262755,-0.773840209726506
04-Dec-2017 13:00:00,2.38,8.33,0.941470544812038,-0.337095258423082,8.69,0.594261443884927,-0.804271929332239
04-Dec-2017 13:30:00,2.3,9.09,0.956813584057608,-0.290702193598252,9.34,0.600559787482936,-0.799579853209453
04-Dec-2017 14:00:00,2.32,8.33,0.963630453208623,-0.267238376078257,8.72,0.672625151336644,-0.739983382103515
04-Dec-2017 14:30:00,2.25,8.33,0.914253955234264,-0.405141586779862,9.07,0.555570233019602,-0.831469612302545
04-Dec-2017 15:00:00,2.13,8.33,0.914253955234264,-0.405141586779862,9.23,0.563237651907776,-0.826294951862478
04-Dec-2017 15:30:00,1.93,9.09,0.941470544812038,-0.337095258423082,9.17,0.526807453213623,-0.84998465117823
04-Dec-2017 16:00:00,2.16,7.14,0.904082549660778,-0.427357863387193,8.7,0.484656962927115,-0.874704309058933
04-Dec-2017 16:30:00,2.17,7.69,0.941470544812038,-0.337095258423082,8.45,0.460199784783851,-0.887815385136402
04-Dec-2017 17:00:00,2.24,7.69,0.914253955234264,-0.405141586779862,7.43,0.326063182174846,-0.945347978910418
04-Dec-2017 17:30:00,2.06,7.14,0.904082549660778,-0.427357863387193,7.95,0.293873503403902,-0.955844319958599
04-Dec-2017 18:00:00,2.13,8.33,0.941470544812038,-0.337095258423082,7.62,0.0669704810289845,-0.997754957226847
04-Dec-2017 18:30:00,2.09,8.33,0.941470544812038,-0.337095258423082,8.63,0.127064608601351,-0.99189444259003
04-Dec-2017 19:00:00,2.17,7.69,0.969872015284747,-0.243615011786023,8.56,0.0247811383077489,-0.999692900437015
04-Dec-2017 19:30:00,2.22,7.14,0.956813584057608,-0.290702193598252,10.76,0.172616794374807,-0.98498905694417
04-Dec-2017 20:00:00,2.04,8.33,0.963630453208623,-0.267238376078257,10.2,0.184809053369215,-0.982774447059331
04-Dec-2017 20:30:00,2.22,7.69,0.963630453208623,-0.267238376078257,10.73,0.0328063024361231,-0.999461728392073
04-Dec-2017 21:00:00,2.02,7.69,0.949425477641904,-0.313992455967405,11.41,0.200393999664986,-0.979715389742485
04-Dec-2017 21:30:00,2.07,10.0,0.923879532511287,-0.38268343236509,11.12,0.232426972641784,-0.972613850604944
04-Dec-2017 22:00:00,2.25,7.14,0.975534543945857,-0.219846204352837,10.17,0.150398139112827,-0.988625510368511
04-Dec-2017 22:30:00,2.18,7.14,0.941470544812038,-0.337095258423082,11.43,0.0770670605126092,-0.997025911490742
04-Dec-2017 23:00:00,2.07,7.14,0.882126866017668,-0.47101188121941,13.07,0.0946295754202305,-0.995512553138225
04-Dec-2017 23:30:00,2.3,6.25,0.817144898335129,-0.576432316169793,11.69,0.0894158105394684,-0.995994383932746
05-Dec-2017 00:00:00,2.19,7.69,0.956813584057608,-0.290702193598252,11.85,0.142110668555307,-0.989850775563046
05-Dec-2017 00:30:00,2.25,7.14,0.904082549660778,-0.427357863387193,11.7,0.121003137194473,-0.992652124759271
05-Dec-2017 01:00:00,2.31,7.69,0.914253955234264,-0.405141586779862,10.95,0.0814166593064785,-0.996680153101973
05-Dec-2017 01:30:00,2.16,6.67,0.756995055651756,-0.653420603990106,10.16,0.188924055984121,-0.981991701120997
05-Dec-2017 02:00:00,2.07,6.67,0.831954122130483,-0.554844427447999,10.05,0.145910365744225,-0.989297814193677
05-Dec-2017 02:30:00,2.05,7.14,0.904082549660778,-0.427357863387193,10.94,0.0094246384331443,-0.99995558710895
05-Dec-2017 03:00:00,2.06,6.67,0.802817475191114,-0.596224874965616,9.23,-0.120136838834647,-0.992757341929446
05-Dec-2017 03:30:00,2.14,7.14,0.788010753606722,-0.615661475325658,10.29,0.0667963389185329,-0.997766630584066
05-Dec-2017 04:00:00,2.16,7.14,0.914253955234264,-0.405141586779862,10.45,0.0326318629582591,-0.9994674389493
05-Dec-2017 04:30:00,2.13,7.69,0.923879532511287,-0.38268343236509,11.41,0.0718456124848583,-0.997415764847677
05-Dec-2017 05:00:00,2.12,6.67,0.802817475191114,-0.596224874965616,10.09,0.0523359562429438,-0.998629534754574
05-Dec-2017 05:30:00,1.95,6.25,0.634730513202267,-0.772733573497351,10.15,0.082286395707966,-0.996608724164801
05-Dec-2017 06:00:00,2.09,7.14,0.8703556959399,-0.492423560103467,10.07,0.125160074975295,-0.992136560979474
05-Dec-2017 06:30:00,2.17,7.14,0.914253955234264,-0.405141586779862,10.25,0.0547759098534334,-0.998498672858271
05-Dec-2017 07:00:00,2.04,7.14,0.941470544812038,-0.337095258423082,10.16,0.0176269125135716,-0.999844633908308
05-Dec-2017 07:30:00,2.0,7.14,0.923879532511287,-0.38268343236509,9.78,-0.0143112113062917,-0.999897589371505
05-Dec-2017 08:00:00,2.02,7.14,0.923879532511287,-0.38268343236509,10.21,-0.0498956901607083,-0.99875443433478
05-Dec-2017 08:30:00,2.04,7.69,0.949425477641904,-0.313992455967405,9.99,-0.107131754313873,-0.994244832633105
05-Dec-2017 09:00:00,1.87,6.25,0.893371388327838,-0.449318998615896,9.93,-0.134677989497153,-0.990889418222339
05-Dec-2017 09:30:00,1.96,7.14,0.923879532511287,-0.38268343236509,9.59,-0.143319893055069,-0.989676415933351
05-Dec-2017 10:00:00,2.03,7.69,0.941470544812038,-0.337095258423082,10.45,-0.113896830134094,-0.993492582803417
05-Dec-2017 10:30:00,2.16,7.14,0.914253955234264,-0.405141586779862,10.18,-0.201248886216271,-0.979540139961967
05-Dec-2017 11:00:00,2.02,7.14,0.893371388327838,-0.449318998615896,11.12,-0.0774150835080117,-0.996998949269982
05-Dec-2017 11:30:00,2.16,6.67,0.858064905723645,-0.51354125205817,10.08,-0.018673937509375,-0.999825626825946
05-Dec-2017 12:00:00,2.16,6.25,0.756995055651756,-0.653420603990106,12.0,0.0305385132098227,-0.999533590836713
05-Dec-2017 12:30:00,2.15,7.69,0.941470544812038,-0.337095258423082,12.09,-0.0242576969560776,-0.999705738774359
05-Dec-2017 13:00:00,2.28,7.14,0.831954122130483,-0.554844427447999,13.12,0.070278787473489,-0.99752738911333
05-Dec-2017 13:30:00,2.21,6.67,0.634730513202267,-0.772733573497351,10.8,0.0559957649292796,-0.998431006284353
05-Dec-2017 14:00:00,2.32,7.69,0.882126866017668,-0.47101188121941,12.62,-0.0010471973597998,-0.999999451688695
05-Dec-2017 14:30:00,2.29,7.14,0.845261833221856,-0.534352349389827,13.06,0.0847213221420737,-0.996404685644592
05-Dec-2017 15:00:00,2.26,7.14,0.67172058932299,-0.74080459628675,13.21,-0.0897634727115051,-0.995963111247987
05-Dec-2017 15:30:00,2.34,7.14,0.67172058932299,-0.74080459628675,12.17,0.0169288850398982,-0.999856696157657
05-Dec-2017 16:00:00,2.35,6.67,0.47101188121941,-0.882126866017668,11.56,-0.0525102491788279,-0.998620385197087
05-Dec-2017 16:30:00,2.28,7.14,0.707106781186548,-0.707106781186548,12.63,-0.218483887314003,-0.975840556127978
05-Dec-2017 17:00:00,2.41,7.14,0.556295615500305,-0.830984469274328,13.66,-0.167284990149969,-0.985908582004703
05-Dec-2017 17:30:00,2.35,7.14,0.492423560103467,-0.8703556959399,13.6,-0.0401317925325599,-0.999194395114446
05-Dec-2017 18:00:00,2.77,7.14,0.576432316169793,-0.817144898335129,13.77,-0.154710386299468,-0.987959865769389
05-Dec-2017 18:30:00,2.85,6.67,0.51354125205817,-0.858064905723645,13.51,-0.0535559730176853,-0.998564849047937
05-Dec-2017 19:00:00,2.85,6.25,0.47101188121941,-0.882126866017668,13.0,0.0396086100934189,-0.999215271103513
05-Dec-2017 19:30:00,2.76,6.67,0.47101188121941,-0.882126866017668,12.94,-0.209447904343492,-0.97781980720689
05-Dec-2017 20:00:00,2.83,6.67,0.405141586779862,-0.914253955234264,12.46,-0.037690182669935,-0.999289472640589
05-Dec-2017 20:30:00,2.9,7.14,0.67172058932299,-0.74080459628675,13.47,-0.17811529026421,-0.98400962565114
05-Dec-2017 21:00:00,2.92,7.14,0.534352349389827,-0.845261833221856,14.53,-0.23361507086605,-0.972329161685615
05-Dec-2017 21:30:00,2.89,7.69,0.68961954373567,-0.724171861437467,12.68,-0.18326508751356,-0.983063531873015
05-Dec-2017 22:00:00,2.79,7.69,0.707106781186548,-0.707106781186548,16.0,-0.0373413625512389,-0.999302568115792
05-Dec-2017 22:30:00,2.91,7.69,0.653420603990106,-0.756995055651756,13.18,-0.0760229353537035,-0.99710606923246
05-Dec-2017 23:00:00,2.94,7.69,0.788010753606722,-0.615661475325658,15.08,-0.206887263232446,-0.978364788978114
05-Dec-2017 23:30:00,3.1,7.14,0.0732381971276315,-0.997314477224458,14.5,-0.143665346556254,-0.989626327559484
06-Dec-2017 00:00:00,3.14,8.33,0.74080459628675,-0.67172058932299,15.13,-0.103834130588807,-0.994594627637243
06-Dec-2017 00:30:00,3.09,8.33,0.724171861437467,-0.68961954373567,15.16,-0.117017411941678,-0.993129863261835
06-Dec-2017 01:00:00,3.17,8.33,0.634730513202267,-0.772733573497351,14.45,-0.196972933884443,-0.980408926579596
06-Dec-2017 01:30:00,3.2,9.09,0.858064905723645,-0.51354125205817,15.27,-0.23038942667659,-0.973098510982127
06-Dec-2017 02:00:00,3.11,8.33,0.596224874965616,-0.802817475191114,15.24,-0.258819045102521,-0.965925826289068
06-Dec-2017 02:30:00,3.16,8.33,0.576432316169793,-0.817144898335129,14.74,-0.139173100960065,-0.99026806874157
06-Dec-2017 03:00:00,3.18,8.33,0.615661475325658,-0.788010753606722,16.14,-0.162981573647658,-0.986629113016301
06-Dec-2017 03:30:00,3.03,8.33,0.492423560103467,-0.8703556959399,14.8,-0.185323607509648,-0.982677546553095
06-Dec-2017 04:00:00,3.13,8.33,0.449318998615896,-0.893371388327838,15.63,-0.174163797973729,-0.984716696047836
06-Dec-2017 04:30:00,3.14,9.09,0.596224874965616,-0.802817475191114,16.06,-0.114417005997516,-0.993432810379527
06-Dec-2017 05:00:00,3.08,8.33,0.449318998615896,-0.893371388327838,14.74,-0.145046985088233,-0.989424768295606
06-Dec-2017 05:30:00,2.89,8.33,0.47101188121941,-0.882126866017668,14.2,-0.286190104747121,-0.958172857027808
06-Dec-2017 06:00:00,3.37,8.33,0.47101188121941,-0.882126866017668,14.1,-0.273455614589583,-0.961884622420711
06-Dec-2017 06:30:00,3.45,8.33,0.534352349389827,-0.845261833221856,15.42,-0.2945407369553,-0.955638924633059
06-Dec-2017 07:00:00,3.14,8.33,0.405141586779862,-0.914253955234264,14.99,-0.244630525622907,-0.969616370495806
06-Dec-2017 07:30:00,3.15,8.33,0.492423560103467,-0.8703556959399,15.4,-0.204666893315013,-0.978831682558744
06-Dec-2017 08:00:00,3.33,8.33,0.556295615500305,-0.830984469274328,16.38,-0.176912963084873,-0.984226500096665
06-Dec-2017 08:30:00,3.5,8.33,0.556295615500305,-0.830984469274328,15.45,-0.206374964290597,-0.978472980778751
06-Dec-2017 09:00:00,3.29,9.09,0.74080459628675,-0.67172058932299,15.26,-0.174851217417042,-0.984594866819738
06-Dec-2017 09:30:00,3.06,7.69,0.195946144242518,-0.980614658546613,14.4,-0.284182685990337,-0.958770150235872
06-Dec-2017 10:00:00,3.25,9.09,0.707106781186548,-0.707106781186548,13.97,-0.957972825158554,-0.286858965796328
06-Dec-2017 10:30:00,3.37,8.33,0.596224874965616,-0.802817475191114,15.53,-0.131564359092283,-0.991307631069507
06-Dec-2017 11:00:00,3.02,9.09,0.634730513202267,-0.772733573497351,13.49,-0.281504190070676,-0.959559998630963
06-Dec-2017 11:30:00,3.24,8.33,0.51354125205817,-0.858064905723645,14.3,-0.39794863130761,-0.917407699357488
06-Dec-2017 12:00:00,3.11,7.69,0.290702193598252,-0.956813584057608,13.57,-0.35380135380383,-0.935320587844926
06-Dec-2017 12:30:00,2.84,9.09,0.634730513202267,-0.772733573497351,14.12,-0.377032668542306,-0.926199960511696
06-Dec-2017 13:00:00,2.86,8.33,0.313992455967405,-0.949425477641904,14.52,-0.389606228328352,-0.92098153447708
06-Dec-2017 13:30:00,2.91,8.33,0.359996808120052,-0.932953534825489,15.44,-0.448227204503136,-0.893919668171197
06-Dec-2017 14:00:00,2.97,8.33,0.359996808120052,-0.932953534825489,14.96,-0.475470674188314,-0.879731571552886
06-Dec-2017 14:30:00,2.8,8.33,0.359996808120052,-0.932953534825489,14.36,-0.459114770487361,-0.888376962511038
06-Dec-2017 15:00:00,2.78,8.33,0.47101188121941,-0.882126866017668,14.03,-0.529623207324825,-0.848233021205238
06-Dec-2017 15:30:00,2.65,8.33,0.405141586779862,-0.914253955234264,12.23,-0.505280886364779,-0.862954938495877
06-Dec-2017 16:00:00,2.62,8.33,0.427357863387193,-0.904082549660778,12.0,-0.544785402346459,-0.838575497728265
06-Dec-2017 16:30:00,2.75,8.33,0.449318998615896,-0.893371388327838,11.42,-0.614973571876864,-0.788547719477402
06-Dec-2017 17:00:00,2.6,8.33,0.534352349389827,-0.845261833221856,11.96,-0.627147739159675,-0.778900323062526
06-Dec-2017 17:30:00,2.55,8.33,0.492423560103467,-0.8703556959399,13.48,-0.651171681567832,-0.758930458687831
06-Dec-2017 18:00:00,2.62,8.33,0.534352349389827,-0.845261833221856,15.2,-0.603207987745283,-0.797583928825228
06-Dec-2017 18:30:00,2.73,7.69,0.290702193598252,-0.956813584057608,16.8,-0.568848971801659,-0.822442002380834
06-Dec-2017 19:00:00,2.8,7.69,0.337095258423082,-0.941470544812038,15.48,-0.59074649976757,-0.806857219718808
06-Dec-2017 19:30:00,3.24,7.69,0.38268343236509,-0.923879532511287,14.72,-0.585948139565395,-0.810348553241044
06-Dec-2017 20:00:00,3.01,7.69,0.359996808120052,-0.932953534825489,13.61,-0.667832555471047,-0.744311546231154
06-Dec-2017 20:30:00,2.9,7.14,0.170209499166033,-0.98540789848349,13.0,-0.756424550434798,-0.654080957909274
06-Dec-2017 21:00:00,2.81,7.69,0.359996808120052,-0.932953534825489,13.12,-0.778462301567023,-0.6276913612907
06-Dec-2017 21:30:00,2.94,7.14,0.0,-1.0,14.15,-0.801044909194616,-0.598604254456473
06-Dec-2017 22:00:00,3.0,7.69,0.170209499166033,-0.98540789848349,15.59,-0.821149209133704,-0.570713567684431
06-Dec-2017 22:30:00,3.0,7.69,0.146083028562411,-0.989272332962988,18.09,-0.822144041030738,-0.569279523430844
06-Dec-2017 23:00:00,2.96,7.69,0.219846204352837,-0.975534543945857,17.6,-0.80520440041106,-0.592997363871599
06-Dec-2017 23:30:00,3.06,7.69,0.0488497697956135,-0.998806137341434,18.13,-0.793778142573136,-0.608207415585458
07-Dec-2017 00:00:00,3.03,7.14,-0.0975828997591499,-0.995227399981831,17.6,-0.81724549230711,-0.576289688701533
07-Dec-2017 00:30:00,2.79,7.14,-0.170209499166033,-0.98540789848349,17.2,-0.860386439325853,-0.509642202946518
07-Dec-2017 01:00:00,3.11,7.14,-0.170209499166033,-0.98540789848349,17.28,-0.858244113157566,-0.513241699621517
07-Dec-2017 01:30:00,3.09,8.33,0.121869343405147,-0.992546151641322,17.17,-0.881633139939087,-0.471935383883372
07-Dec-2017 02:00:00,2.99,7.14,-0.313992455967405,-0.949425477641904,18.43,-0.883683947469317,-0.468084053333422
07-Dec-2017 02:30:00,3.14,8.33,0.195946144242518,-0.980614658546613,18.82,-0.879814543440999,-0.475317124822687
07-Dec-2017 03:00:00,3.21,7.69,-0.0975828997591499,-0.995227399981831,19.51,-0.884662361566344,-0.46623224473202
07-Dec-2017 03:30:00,3.2,8.33,-0.0488497697956135,-0.998806137341434,19.61,-0.880063298291132,-0.474856389870595
07-Dec-2017 04:00:00,3.35,8.33,-0.194234351219972,-0.980955155349192,19.69,-0.904082549660778,-0.427357863387193
07-Dec-2017 04:30:00,3.23,8.33,-0.170209499166033,-0.98540789848349,20.73,-0.900470640862375,-0.434916802325345
07-Dec-2017 05:00:00,3.41,9.09,-0.0488497697956135,-0.998806137341434,20.79,-0.897643314514688,-0.440722679138576
07-Dec-2017 05:30:00,3.35,8.33,-0.0975828997591499,-0.995227399981831,19.77,-0.909018020307777,-0.416756810089205
07-Dec-2017 06:00:00,3.44,8.33,-0.146083028562411,-0.989272332962988,19.53,-0.911403276635445,-0.411514358605109
07-Dec-2017 06:30:00,3.23,7.69,-0.194234351219972,-0.980955155349192,19.33,-0.920573034878825,-0.390570464134181
07-Dec-2017 07:00:00,3.35,8.33,-0.219846204352837,-0.975534543945857,19.22,-0.915170838242548,-0.403066169295356
07-Dec-2017 07:30:00,3.35,8.33,-0.219846204352837,-0.975534543945857,19.56,-0.904007947873188,-0.427515649049373
07-Dec-2017 08:00:00,3.6,9.09,-0.194234351219972,-0.980955155349192,19.32,-0.893449795679791,-0.449163069051474
07-Dec-2017 08:30:00,3.8,7.69,-0.313992455967405,-0.949425477641904,20.89,-0.8983344923727,-0.43931212117751
07-Dec-2017 09:00:00,3.86,8.33,-0.359996808120051,-0.932953534825489,21.41,-0.892900372813147,-0.450254288408387
07-Dec-2017 09:30:00,3.82,8.33,-0.313992455967405,-0.949425477641904,22.2,-0.907777478532909,-0.419452082446177
07-Dec-2017 10:00:00,4.07,8.33,-0.313992455967405,-0.949425477641904,21.58,-0.900774050605398,-0.434288049289805
07-Dec-2017 10:30:00,3.92,8.33,-0.427357863387193,-0.904082549660778,21.84,-0.902510132242025,-0.430668621100356
07-Dec-2017 11:00:00,3.99,7.69,-0.405141586779863,-0.914253955234263,21.74,-0.924013057940367,-0.382360914262549
07-Dec-2017 11:30:00,3.77,9.09,-0.219846204352837,-0.975534543945857,21.45,-0.899634001547601,-0.43664477926508
07-Dec-2017 12:00:00,3.77,7.69,-0.427357863387193,-0.904082549660778,21.32,-0.91671175103162,-0.39954920287812
07-Dec-2017 12:30:00,3.67,7.14,-0.405141586779863,-0.914253955234263,21.62,-0.9165722262029,-0.399869171296637
07-Dec-2017 13:00:00,3.98,9.09,-0.267238376078257,-0.963630453208623,20.73,-0.90519827041251,-0.424989518979235
07-Dec-2017 13:30:00,4.05,10.0,-0.146083028562411,-0.989272332962988,20.38,-0.902209248913282,-0.431298587031457
07-Dec-2017 14:00:00,3.67,7.69,-0.405141586779863,-0.914253955234263,20.88,-0.882044645501092,-0.47116583422703
07-Dec-2017 14:30:00,3.78,7.69,-0.337095258423082,-0.941470544812038,20.6,-0.891560513110529,-0.452901591366259
07-Dec-2017 15:00:00,3.69,7.69,-0.313992455967405,-0.949425477641904,20.84,-0.893371388327838,-0.449318998615896
07-Dec-2017 15:30:00,3.61,10.0,-0.219846204352837,-0.975534543945857,18.98,-0.873092319231691,-0.487554922135576
07-Dec-2017 16:00:00,3.32,8.33,-0.267238376078257,-0.963630453208623,18.91,-0.795579233666741,-0.605849554723152
07-Dec-2017 16:30:00,2.87,7.14,-0.290702193598253,-0.956813584057607,7.64,-0.587220308688399,-0.809427148706974
07-Dec-2017 17:00:00,2.68,10.53,-0.146083028562411,-0.989272332962988,10.09,-0.445572922376897,-0.895245648324811
07-Dec-2017 17:30:00,2.65,10.0,-0.0732381971276315,-0.997314477224458,13.59,-0.0273982402877354,-0.999624597751144
07-Dec-2017 18:00:00,2.72,10.0,-0.121869343405147,-0.992546151641322,13.57,-0.0509415558090611,-0.998701636071431
07-Dec-2017 18:30:00,2.51,10.53,-0.146083028562411,-0.989272332962988,13.53,-0.122389022625539,-0.992482204949169
07-Dec-2017 19:00:00,2.67,6.25,-0.267238376078257,-0.963630453208623,12.71,-0.0556472433566273,-0.998450491665365
07-Dec-2017 19:30:00,2.57,6.25,-0.243615011786022,-0.969872015284747,15.01,-0.018673937509375,-0.999825626825946
07-Dec-2017 20:00:00,2.6,7.14,-0.170209499166033,-0.98540789848349,14.89,-0.004886902454024,-0.999988059020909
07-Dec-2017 20:30:00,2.85,6.67,-0.146083028562411,-0.989272332962988,15.42,0.0434450198933322,-0.999055819384717
07-Dec-2017 21:00:00,2.85,6.67,0.121869343405147,-0.992546151641322,15.11,0.127757050534443,-0.991805493047271
07-Dec-2017 21:30:00,2.7,7.69,-0.146083028562411,-0.989272332962988,13.49,0.0890681374723865,-0.99602553525861
07-Dec-2017 22:00:00,2.74,6.67,-0.0732381971276315,-0.997314477224458,14.63,-0.0678411608745892,-0.997696134547583
07-Dec-2017 22:30:00,2.74,7.14,0.290702193598252,-0.956813584057608,14.78,0.0954982878675565,-0.995429594202606
07-Dec-2017 23:00:00,2.9,7.69,0.359996808120052,-0.932953534825489,13.92,0.0624421386622911,-0.998048585650658
07-Dec-2017 23:30:00,3.18,7.69,0.243615011786023,-0.969872015284747,14.15,-0.0228618212283993,-0.999738634409074
08-Dec-2017 00:00:00,3.72,10.53,0.653420603990106,-0.756995055651756,13.51,-0.0709751757831598,-0.997478082176521
08-Dec-2017 00:30:00,3.71,10.53,0.634730513202267,-0.772733573497351,13.63,-0.105049179362044,-0.994467028068483
08-Dec-2017 01:00:00,3.54,10.0,0.51354125205817,-0.858064905723645,14.45,-0.131045293619572,-0.991376382117387
08-Dec-2017 01:30:00,3.71,9.09,0.47101188121941,-0.882126866017668,13.46,-0.0795030219076598,-0.996834624954185
08-Dec-2017 02:00:00,3.5,11.11,0.596224874965616,-0.802817475191114,14.26,0.159536602398486,-0.987192013994819
08-Dec-2017 02:30:00,3.6,10.0,0.534352349389827,-0.845261833221856,13.88,0.0617453541455422,-0.998091935265205
08-Dec-2017 03:00:00,3.73,10.53,0.596224874965616,-0.802817475191114,14.89,0.276811552522934,-0.960924224062357
08-Dec-2017 03:30:00,3.63,10.53,0.596224874965616,-0.802817475191114,15.01,0.214223913345879,-0.976784579603291
08-Dec-2017 04:00:00,3.51,13.33,0.788010753606722,-0.615661475325658,13.31,0.275637355816999,-0.961261695938319
08-Dec-2017 04:30:00,3.66,11.76,0.707106781186548,-0.707106781186548,11.47,0.342020143325669,-0.939692620785908
08-Dec-2017 05:00:00,3.65,10.0,0.615661475325658,-0.788010753606722,12.45,0.288697611797924,-0.957420330336773
08-Dec-2017 05:30:00,3.72,10.53,0.634730513202267,-0.772733573497351,13.81,0.173820056399137,-0.984777430688478
08-Dec-2017 06:00:00,3.59,10.53,0.653420603990106,-0.756995055651756,12.92,0.194919139721621,-0.980819315149423
08-Dec-2017 06:30:00,3.7,11.76,0.74080459628675,-0.67172058932299,12.05,0.26067301143655,-0.965427149560546
08-Dec-2017 07:00:00,3.72,10.53,0.68961954373567,-0.724171861437467,8.33,0.176741180461086,-0.984257362242834
08-Dec-2017 07:30:00,4.03,12.5,0.817144898335129,-0.576432316169793,12.17,0.679441304261517,-0.733729864502876
08-Dec-2017 08:00:00,4.24,12.5,0.802817475191114,-0.596224874965616,11.62,0.661442774329839,-0.749995637511876
08-Dec-2017 08:30:00,4.38,13.33,0.817144898335129,-0.576432316169793,11.7,0.632164546366288,-0.774834166978654
08-Dec-2017 09:00:00,4.6,14.29,0.893371388327838,-0.449318998615896,10.61,0.756424550434798,-0.654080957909274
08-Dec-2017 09:30:00,4.8,13.33,0.8703556959399,-0.492423560103467,13.57,0.704262583021987,-0.709939584862824
08-Dec-2017 10:00:00,4.85,12.5,0.817144898335129,-0.576432316169793,9.46,0.569709918988819,-0.82184585428519
08-Dec-2017 10:30:00,4.7,16.67,0.914253955234264,-0.405141586779862,8.54,0.696038122675732,-0.718004827130043
08-Dec-2017 11:00:00,4.85,13.33,0.8703556959399,-0.492423560103467,13.69,0.47500998265915,-0.879980406812648
08-Dec-2017 11:30:00,5.11,16.67,0.893371388327838,-0.449318998615896,13.68,0.368611332030308,-0.929583608880257
08-Dec-2017 12:00:00,5.48,15.38,0.893371388327838,-0.449318998615896,15.77,0.233784770759873,-0.972288373354713
08-Dec-2017 12:30:00,5.25,16.67,0.923879532511287,-0.38268343236509,13.76,0.186524036008735,-0.98245039772551
08-Dec-2017 13:00:00,4.95,16.67,0.923879532511287,-0.38268343236509,12.14,-0.0739344360755851,-0.997263104282007
08-Dec-2017 13:30:00,4.77,16.67,0.949425477641904,-0.313992455967405,15.21,-0.04152689152473,-0.999137386589198
08-Dec-2017 14:00:00,4.98,16.67,0.956813584057608,-0.290702193598252,15.09,-0.0115189183157528,-0.999933655059592
08-Dec-2017 14:30:00,4.86,16.67,0.980955155349192,-0.194234351219972,13.01,-0.100188061612076,-0.994968518250912
08-Dec-2017 15:00:00,4.64,16.67,0.963630453208623,-0.267238376078257,12.53,-0.308850998993373,-0.951110435449425
08-Dec-2017 15:30:00,4.66,16.67,0.923879532511287,-0.38268343236509,13.62,-0.153158312343234,-0.988201665329589
08-Dec-2017 16:00:00,3.99,14.29,0.8703556959399,-0.492423560103467,10.96,-0.188752663223395,-0.982024659632372
08-Dec-2017 16:30:00,4.21,15.38,0.831954122130483,-0.554844427447999,9.61,-0.568561850734264,-0.82264051802086
08-Dec-2017 17:00:00,4.5,16.67,0.893371388327838,-0.449318998615896,6.68,0.254770725683382,-0.967001487762435
08-Dec-2017 17:30:00,4.41,12.5,0.904082549660778,-0.427357863387193,8.44,0.636078220277764,-0.77162458338772
08-Dec-2017 18:00:00,4.08,12.5,0.8703556959399,-0.492423560103467,15.91,0.796107634140621,-0.605155050266478
08-Dec-2017 18:30:00,4.09,15.38,0.914253955234264,-0.405141586779862,8.22,0.493941866584231,-0.869494929505219
08-Dec-2017 19:00:00,3.98,13.33,0.893371388327838,-0.449318998615896,13.17,0.608345946742409,-0.793671978264372
08-Dec-2017 19:30:00,4.5,13.33,0.914253955234264,-0.405141586779862,15.13,0.478845087585912,-0.877899414565724
08-Dec-2017 20:00:00,4.47,14.29,0.904082549660778,-0.427357863387193,11.97,0.38735468507824,-0.921930771776242
08-Dec-2017 20:30:00,4.25,14.29,0.914253955234264,-0.405141586779862,16.23,0.176225800307591,-0.984349768784424
08-Dec-2017 21:00:00,4.71,11.11,0.882126866017668,-0.47101188121941,13.3,0.399389200409978,-0.916781471560087
08-Dec-2017 21:30:00,4.86,15.38,0.817144898335129,-0.576432316169793,14.75,0.275972882648745,-0.961165421788852
08-Dec-2017 22:00:00,5.03,15.38,0.882126866017668,-0.47101188121941,14.12,0.018673937509375,-0.999825626825946
08-Dec-2017 22:30:00,4.9,11.76,0.845261833221856,-0.534352349389827,13.72,-0.082286395707966,-0.996608724164801
08-Dec-2017 23:00:00,5.06,11.11,0.882126866017668,-0.47101188121941,15.46,-0.0998407459833806,-0.99500342986418
08-Dec-2017 23:30:00,5.11,14.29,0.893371388327838,-0.449318998615896,16.69,0.0800249523748083,-0.996792860627227
09-Dec-2017 00:00:00,5.63,15.38,0.882126866017668,-0.47101188121941,15.82,0.0195464427448211,-0.999808950037968
09-Dec-2017 00:30:00,5.06,16.67,0.941470544812038,-0.337095258423082,15.47,0.248520833725539,-0.96862655094952
09-Dec-2017 01:00:00,5.16,10.0,0.802817475191114,-0.596224874965616,9.74,0.545516989987781,-0.838099763533358
09-Dec-2017 01:30:00,4.9,16.67,0.949425477641904,-0.313992455967405,16.11,0.682763857780503,-0.730639113727622
09-Dec-2017 02:00:00,4.6,11.11,0.802817475191114,-0.596224874965616,14.94,0.47500998265915,-0.879980406812648
09-Dec-2017 02:30:00,4.73,16.67,0.949425477641904,-0.313992455967405,15.52,0.828842326904762,-0.559482258102167
09-Dec-2017 03:00:00,4.5,16.67,0.914253955234264,-0.405141586779862,11.4,0.600978364172503,-0.799265291249746
09-Dec-2017 03:30:00,4.5,16.67,0.893371388327838,-0.449318998615896,12.97,0.788869610779534,-0.614560604976065
09-Dec-2017 04:00:00,4.69,15.38,0.882126866017668,-0.47101188121941,15.1,0.666142048579787,-0.745824893063998
09-Dec-2017 04:30:00,4.14,11.11,0.817144898335129,-0.576432316169793,16.5,0.764921400918432,-0.644123629761387
09-Dec-2017 05:00:00,4.35,15.38,0.831954122130483,-0.554844427447999,15.33,0.776816343556328,-0.629727217439247
09-Dec-2017 05:30:00,4.4,10.0,0.802817475191114,-0.596224874965616,16.32,0.745824893063998,-0.666142048579787
09-Dec-2017 06:00:00,4.5,10.53,0.724171861437467,-0.68961954373567,15.49,0.740100766067553,-0.672495989628356
09-Dec-2017 06:30:00,4.65,11.11,0.845261833221856,-0.534352349389827,14.75,0.746638182285391,-0.665230354654361
09-Dec-2017 07:00:00,4.45,10.53,0.858064905723645,-0.51354125205817,15.23,0.727173991201406,-0.686453193247884
09-Dec-2017 07:30:00,4.44,15.38,0.904082549660778,-0.427357863387193,13.84,0.471627607115942,-0.881797822749688
09-Dec-2017 08:00:00,4.57,12.5,0.817144898335129,-0.576432316169793,11.86,0.588914279787238,-0.808195502995827
09-Dec-2017 08:30:00,4.89,12.5,0.858064905723645,-0.51354125205817,13.31,0.527993741769315,-0.849248260906337
09-Dec-2017 09:00:00,4.81,11.11,0.941470544812038,-0.337095258423082,13.52,0.517579070704263,-0.855635381204466
09-Dec-2017 09:30:00,5.0,10.0,0.882126866017668,-0.47101188121941,13.26,0.467312715476598,-0.884092091330925
09-Dec-2017 10:00:00,5.09,11.76,0.932953534825489,-0.359996808120052,11.7,0.71312810654718,-0.701033739311051
09-Dec-2017 10:30:00,4.99,11.76,0.914253955234264,-0.405141586779862,10.98,0.548876933733094,-0.835903171196136
09-Dec-2017 11:00:00,4.74,15.38,0.904082549660778,-0.427357863387193,13.56,0.393941909590951,-0.919135339255234
